 bfactor	 atoms
1	41.529998779296875
2	39.720001220703125
3	36.7400016784668
4	34.650001525878906
5	31.0
6	31.440000534057617
7	30.770000457763672
8	29.90999984741211
9	29.290000915527344
10	28.1200008392334
11	30.110000610351562
12	33.439998626708984
13	34.45000076293945
14	35.90999984741211
15	36.45000076293945
16	38.5099983215332
17	41.369998931884766
18	41.08000183105469
19	39.25
20	36.72999954223633
21	33.0
22	29.030000686645508
23	27.690000534057617
24	28.59000015258789
25	30.5
26	31.8799991607666
27	33.02000045776367
28	34.349998474121094
29	37.0099983215332
30	35.79999923706055
31	35.599998474121094
32	33.75
33	35.720001220703125
34	39.91999816894531
35	43.0099983215332
36	45.619998931884766
37	50.939998626708984
38	50.810001373291016
39	53.939998626708984
40	52.45000076293945
41	49.81999969482422
42	45.689998626708984
43	45.15999984741211
44	44.47999954223633
45	42.150001525878906
46	41.400001525878906
47	38.790000915527344
48	39.58000183105469
49	37.290000915527344
50	37.27000045776367
51	38.810001373291016
52	40.0
53	38.849998474121094
54	37.279998779296875
55	37.810001373291016
56	34.7599983215332
57	33.599998474121094
58	32.97999954223633
59	33.7599983215332
60	36.5099983215332
61	38.47999954223633
62	38.369998931884766
63	39.790000915527344
64	40.119998931884766
65	42.25
66	41.91999816894531
67	46.34000015258789
68	48.709999084472656
69	47.119998931884766
70	45.290000915527344
71	41.119998931884766
72	37.029998779296875
73	33.869998931884766
74	32.61000061035156
75	31.3700008392334
76	30.420000076293945
77	30.25
78	30.270000457763672
79	32.150001525878906
80	31.020000457763672
81	31.100000381469727
82	29.43000030517578
83	27.6200008392334
84	27.1299991607666
85	27.75
86	28.670000076293945
87	30.1299991607666
88	29.520000457763672
89	28.450000762939453
90	27.899999618530273
91	29.329999923706055
92	30.889999389648438
93	33.130001068115234
94	35.40999984741211
95	34.34000015258789
96	34.939998626708984
97	35.630001068115234
98	40.290000915527344
99	44.11000061035156
