 bfactor	 atoms
1	34.880001068115234
2	35.150001525878906
3	27.030000686645508
4	25.6299991607666
5	22.059999465942383
6	18.459999084472656
7	27.790000915527344
8	20.690000534057617
9	18.90999984741211
10	25.360000610351562
11	28.600000381469727
12	36.630001068115234
13	34.38999938964844
14	42.45000076293945
15	43.02000045776367
16	45.75
17	48.689998626708984
18	47.7400016784668
19	43.439998626708984
20	40.02000045776367
21	33.7400016784668
22	26.75
23	20.239999771118164
24	20.8799991607666
25	21.200000762939453
26	14.970000267028809
27	8.760000228881836
28	13.460000038146973
29	22.540000915527344
30	25.440000534057617
31	19.780000686645508
32	15.100000381469727
33	32.779998779296875
34	36.5
35	33.439998626708984
36	41.130001068115234
37	48.06999969482422
38	43.40999984741211
39	48.560001373291016
40	48.63999938964844
41	50.880001068115234
42	37.650001525878906
43	40.689998626708984
44	45.29999923706055
45	41.040000915527344
46	36.040000915527344
47	30.219999313354492
48	39.9900016784668
49	47.56999969482422
50	54.2400016784668
51	52.4900016784668
52	43.72999954223633
53	40.91999816894531
54	33.43000030517578
55	30.6200008392334
56	27.739999771118164
57	26.8799991607666
58	26.049999237060547
59	29.170000076293945
60	27.75
61	26.68000030517578
62	28.350000381469727
63	31.020000457763672
64	31.950000762939453
65	35.7400016784668
66	35.279998779296875
67	44.439998626708984
68	45.45000076293945
69	40.20000076293945
70	40.47999954223633
71	37.0
72	28.65999984741211
73	22.09000015258789
74	23.110000610351562
75	27.030000686645508
76	24.93000030517578
77	18.760000228881836
78	22.239999771118164
79	25.969999313354492
80	31.280000686645508
81	28.81999969482422
82	28.829999923706055
83	28.940000534057617
84	20.899999618530273
85	17.899999618530273
86	18.809999465942383
87	22.15999984741211
88	20.950000762939453
89	16.670000076293945
90	19.579999923706055
91	17.450000762939453
92	20.969999313354492
93	23.579999923706055
94	27.5
95	27.440000534057617
96	24.81999969482422
97	24.239999771118164
98	28.649999618530273
99	33.20000076293945
